name,ratio
A,10.993428306022466
A,9.723471397657631
A,11.295377076201385
A,13.046059712816051
A,9.531693250553328
B,14.297589129152458
B,19.737638446522176
B,17.302304187458727
B,13.591576842195144
B,16.627680130757895
C,7.304873460781307
C,7.301405369644614
C,8.362943407349052
C,5.130079633013303
C,5.412623251230451
D,10.594281176897567
D,9.46792219916394
D,12.785618331488184
D,9.729939811196973
D,8.469240746661772
